0,0,0
Leon,08/07/2020,wait wha
Leon,08/07/2020,actually cry?
Leon,08/07/2020,why??
Leon,08/07/2020,are u okay?>
Leon,08/07/2020,o wow
Leon,08/07/2020,o :(
Leon,08/07/2020,yea that's kinda shet :(
Leon,08/07/2020,dw kristi im here with u
Leon,08/07/2020,broke gang represent
Leon,08/07/2020,o
Leon,08/07/2020,okay
Leon,08/07/2020,goodnight :)
Leon,08/07/2020,I think ur a pretty cool person btw even if ur dad doesn't seem to think so :)
Leon,08/07/2020,o hi again
Leon,08/07/2020,I mean I don't think it really counts as spilt to want both parents in ur life
Leon,08/07/2020,seems completely justified to me
Leon,08/07/2020,ur mum does seem really nice tho xd
Leon,08/07/2020,okay tho lol goodnight again
Leon,08/07/2020,I'll be here for u unless u take like half an hour in-between texts then i probably fell asleep
Leon,08/07/2020,okay I'm sleeping now lol
Leon,08/07/2020,don't beat urself up too much for no reason kristi
Leon,08/07/2020,I don't think anybody would call you spoilt for wanting a father figure in your life
Leon,08/07/2020,o gm
Leon,08/07/2020,how are u :)
Leon,08/07/2020,o
Leon,08/07/2020,yea same
Leon,08/07/2020,ye xdd
Leon,08/07/2020,not much i just went on my pc just now xd
Leon,08/07/2020,do what lol
Leon,08/07/2020,aura?? :o
Leon,08/07/2020,why tho lmao
Leon,08/07/2020,when u can use ur phone
Leon,08/07/2020,and ur fine
Leon,08/07/2020,o
Leon,08/07/2020,ok lmao
Leon,08/07/2020,yea well i have my pc brightness at 0 as well lol
Leon,08/07/2020,dam that's sad times
Leon,08/07/2020,bruh its too bright get me out
Leon,08/07/2020,xddddd
Leon,08/07/2020,bruh no don't go to hell xddd
Leon,08/07/2020,ye but heaven probably has sunglasses
Leon,08/07/2020,
Leon,08/07/2020,oyE
Leon,08/07/2020,lmaoaoao
Leon,08/07/2020,if u can walk on water then ye sure
Leon,08/07/2020,did u ever read those posts that's like
Leon,08/07/2020,watermelons are 98% water
Leon,08/07/2020,so if u stand on a watermelon ur 98% jesus :sunglasses:
Leon,08/07/2020,:sunglasses: :sunglasses:
Leon,08/07/2020,ye xddd
Leon,08/07/2020,o
Leon,08/07/2020,wowow :clap: :clap:
Leon,08/07/2020,ok am now a believer of kristism
Leon,08/07/2020,o
Leon,08/07/2020,ye
Leon,08/07/2020,xddd
Leon,08/07/2020,wow yea ur basically just god
Leon,08/07/2020,kristi-sama :pleading_face:
Leon,08/07/2020,the bible in ur religion is probably a mocaran fanfiction
Leon,08/07/2020,yE
Leon,08/07/2020,ran's cock
Leon,08/07/2020,wait what
Leon,08/07/2020,clash of clans? lol
Leon,08/07/2020,o bruh xdd
Leon,08/07/2020,no ik what clash of clans is lol
Leon,08/07/2020,https://www.youtube.com/watch?v=EXStxYMCvFU
Leon,08/07/2020,yea i never played clash of clans lmaoi
Leon,08/07/2020,u kno tho
Leon,08/07/2020,i tryharded for like 2 years playing king of avalon
Leon,08/07/2020,no lmaoaoao what is that
Leon,08/07/2020,its kinda like clash of clans i guess
Leon,08/07/2020,u build a base
Leon,08/07/2020,and then u can go destroy other ppls base
Leon,08/07/2020,and ur on a big map
Leon,08/07/2020,and then i was in a big clan
Leon,08/07/2020,had alternate accounts that i can raid for my main account
Leon,08/07/2020,moved servers like 3 times
Leon,08/07/2020,was actually the leader of one of the servers for a while
Leon,08/07/2020,yea i was like omega sweat
Leon,08/07/2020,and completely f2p too
Leon,08/07/2020,on a pay to win ass game
Leon,08/07/2020,like u only had around 60% of the features free to play
Leon,08/07/2020,andrea also played it but she only played for one server
Leon,08/07/2020,o yE xddd
Leon,08/07/2020,o yea also my name was lady leona lol
Leon,08/07/2020,cos most of the ppl in the clan was like 'lady wolf' 'lady etc' lol
Leon,08/07/2020,na i was the only one
Leon,08/07/2020,leon024
Leon,08/07/2020,or leonlee024
Leon,08/07/2020,o
Leon,08/07/2020,nobody simped for me :pensive:
Leon,08/07/2020,why would they simp for u if they thought u were a boy lol
Leon,08/07/2020,O
Leon,08/07/2020,so ur basically sykkuno]
Leon,08/07/2020,o
Leon,08/07/2020,he's a friend of lily
Leon,08/07/2020,his persona is very like
Leon,08/07/2020,anime
Leon,08/07/2020,shy
Leon,08/07/2020,timid
Leon,08/07/2020,like that
Leon,08/07/2020,and then one time he was playing ac with his top donators
Leon,08/07/2020,and there's like 10 of them
Leon,08/07/2020,then he gets in to discord vc andthey're all girls
Leon,08/07/2020,lol
Leon,08/07/2020,o
Leon,08/07/2020,yea tru
Leon,08/07/2020,yea
Leon,08/07/2020,o
Leon,08/07/2020,lol
Leon,08/07/2020,yea maybe if u had like a lilypichu voice ppl would notice
Leon,08/07/2020,yea i guess
Leon,08/07/2020,i mean u get used to it probably
Leon,08/07/2020,no wdym i don't hate ur voice
Leon,08/07/2020,https://www.youtube.com/watch?v=UnirewWJLng
Leon,08/07/2020,YouTube
Leon,08/07/2020,Nostradamus
Leon,08/07/2020,Sykkuno realizes his top donators are all girls.
Leon,08/07/2020,
Leon,08/07/2020,https://www.twitch.tv/sykkuno/clip/FitFrozenGorillaNotLikeThis
Leon,08/07/2020,Twitch
Leon,08/07/2020,Sykkuno - Harem Manga is realistic?
Leon,08/07/2020,
Leon,08/07/2020,there's more
Leon,08/07/2020,o yE
Leon,08/07/2020,xddd
Leon,08/07/2020,watch the second clip lmaaoaoao
Leon,08/07/2020,catch sykkuno~
Leon,08/07/2020,ye lmao
Leon,08/07/2020,ye now that I've told u about him
Leon,08/07/2020,maybe ur gonna be the next top dono
Leon,08/07/2020,xdd
Leon,08/07/2020,btw
Leon,08/07/2020,remember when u were going to count to 6969
Leon,08/07/2020,o ok xdd
Leon,08/07/2020,I was calling val to get him to watch gate with us
Leon,08/07/2020,weeb gang :sunglasses:
Leon,08/07/2020,
Leon,08/07/2020,ya
Leon,08/07/2020,okay :)
Leon,08/07/2020,it's kinda shit tbh
Leon,08/07/2020,lol
Leon,08/07/2020,yea
Leon,08/07/2020,I have everyone turned down tho
Leon,08/07/2020,cos they legit speak
Leon,08/07/2020,all
Leon,08/07/2020,the
Leon,08/07/2020,time
Leon,08/07/2020,o yea same lol
Leon,08/07/2020,silent gang
Leon,08/07/2020,
Leon,08/07/2020,ye xdd
Leon,08/07/2020,wanna watch rezero S2 together lol
Leon,08/07/2020,and then we just vc and there's 0 talking xdd
Leon,08/07/2020,can u even watch screen share tho
Leon,08/07/2020,o ok
Leon,08/07/2020,do u mind if it's 720p though
Leon,08/07/2020,cos bruh 720p do be pretty shet
Leon,08/07/2020,o okay :D
Leon,08/07/2020,o
Leon,08/07/2020,yea that's a thing :thinking:
Leon,08/07/2020,how's it going so far
Leon,08/07/2020,o
Leon,08/07/2020,it's Wednesday tho
Leon,08/07/2020,and last week u were like
Leon,08/07/2020,next week I have summer school
Leon,08/07/2020,o ic
Leon,08/07/2020,oh you're a fan of summer school?
Leon,08/07/2020,name every extract
Leon,08/07/2020,is it like shakespear
Leon,08/07/2020,o
Leon,08/07/2020,:o
Leon,08/07/2020,idk tbh I've never read a proper shakespeare play
Leon,08/07/2020,in its full 16th century old english format
Leon,08/07/2020,o ok
Leon,08/07/2020,well we watched a movie on Romeo and Juliet in s3
Leon,08/07/2020,who dies
Leon,08/07/2020,Romeo and Juliet?
Leon,08/07/2020,yea
Leon,08/07/2020,she eats the poison and fakes her death
Leon,08/07/2020,ye
Leon,08/07/2020,"then romeo is like ""bruh my love is dead imma head out"""
Leon,08/07/2020,then Juliet wakes up and does the same thing
Leon,08/07/2020,ye it's ok
Leon,08/07/2020,o
Leon,08/07/2020,no
Leon,08/07/2020,how do u get it
Leon,08/07/2020,ye
Leon,08/07/2020,o ok
Leon,08/07/2020,are they limited
Leon,08/07/2020,o
Leon,08/07/2020,I have bamboo shoots
Leon,08/07/2020,u could have just asked
Leon,08/07/2020,why'd u buy 5 then
Leon,08/07/2020,o
Leon,08/07/2020,lol
Leon,08/07/2020,o
Leon,08/07/2020,what case
Leon,08/07/2020,is it like
Leon,08/07/2020,BTS case
Leon,08/07/2020,stan suga :heart_eyes:
Leon,08/07/2020,space
Leon,08/07/2020,like outer space
Leon,08/07/2020,?
Leon,08/07/2020,oh okay xdd
Leon,08/07/2020,u can show me when I come over
Leon,08/07/2020,o lol
Leon,08/07/2020,just buy 2 cases
Leon,08/07/2020,one with stent and a clean one
Leon,08/07/2020,ye ig xdd
Leon,08/07/2020,o
Leon,08/07/2020,why lol
Leon,08/07/2020,o lol
Leon,08/07/2020,well idm
Leon,08/07/2020,lmao it's fine lol
Leon,08/07/2020,what if I offer to pull ur weeds then xd
Leon,08/07/2020,o bruh okay lol
Leon,08/07/2020,I'll come over to watch u pull weeds
Leon,08/07/2020,o nice
Leon,08/07/2020,how is it
Leon,08/07/2020,also wanna watch
Leon,08/07/2020,re
Leon,08/07/2020,0
Leon,08/07/2020,rn
Leon,08/07/2020,o ic
Leon,08/07/2020,ye
Leon,08/07/2020,
Leon,08/07/2020,the preview is lowkey a spoiler
Leon,08/07/2020,why not watch it together :(
Leon,08/07/2020,well okay tho xdd
Leon,08/07/2020,o
Leon,08/07/2020,yea a bit
Leon,08/07/2020,lets watch it later
Leon,08/07/2020,yeep
Leon,08/07/2020,o
Leon,08/07/2020,ic
Leon,08/07/2020,do u wanna wait until the season is over then
Leon,08/07/2020,cos i'm perfectly fine with watching it twice
Leon,08/07/2020,bruh
Leon,08/07/2020,lmaooo
Leon,08/07/2020,yea kaochisa is a canon ship
Leon,08/07/2020,o
Leon,08/07/2020,rezero is pretty good
Leon,08/07/2020,I can't say anything about it tho
Leon,08/07/2020,cos it would be a spoiler
Leon,08/07/2020,there's a lot of pain and suffering though
Leon,08/07/2020,yes
Leon,08/07/2020,xdd
Leon,08/07/2020,what is unnie
Leon,08/07/2020,o
Leon,08/07/2020,lol
Leon,08/07/2020,oka
Leon,08/07/2020,stan noona
Leon,08/07/2020,lmao ur actually gay xddd
Leon,08/07/2020,o
Leon,08/07/2020,ye its ok
Leon,08/07/2020,u should make a
Leon,08/07/2020,bandori tier list
Leon,08/07/2020,lmao
Leon,08/07/2020,xddddd
Leon,08/07/2020,na its kinda cute lol
Leon,08/07/2020,u should actually make a tier list tho
Leon,08/07/2020,yea tru xdd
Leon,08/07/2020,xddd
Leon,08/07/2020,should i make template for u
Leon,08/07/2020,lol
Leon,08/07/2020,ok xdd
Leon,08/07/2020,xddd
Leon,08/07/2020,
Leon,08/07/2020,no i'm just taking screenshot of it lol
Leon,08/07/2020,how do u feel about this
Leon,08/07/2020,
Leon,08/07/2020,lmao
Leon,08/07/2020,what post
Leon,08/07/2020,o
Leon,08/07/2020,raisins
Leon,08/07/2020,are
Leon,08/07/2020,dry
Leon,08/07/2020,grapes
Leon,08/07/2020,xddddd
Leon,08/07/2020,it's not even funny idk why ur laughing lmaoaoao
Leon,08/07/2020,o
Leon,08/07/2020,frying pan rights :(
Leon,08/07/2020,is there some kind of
Leon,08/07/2020,frying pan oppression
Leon,08/07/2020,nop
Leon,08/07/2020,ako
Leon,08/07/2020,is in s4
Leon,08/07/2020,isn't she?
Leon,08/07/2020,she's first year high school
Leon,08/07/2020,o
Leon,08/07/2020,i think
Leon,08/07/2020,o
Leon,08/07/2020,yea that's it
Leon,08/07/2020,cos season 3
Leon,08/07/2020,didn't move to the next year
Leon,08/07/2020,so they should all be older than u
Leon,08/07/2020,but like
Leon,08/07/2020,they aren't
Leon,08/07/2020,cos the year hasn't passed yet
Leon,08/07/2020,so technically u are still older than ako
Leon,08/07/2020,yea
Leon,08/07/2020,lmao
Leon,08/07/2020,cos
Leon,08/07/2020,in game year doesn't correlate to irl year
Leon,08/07/2020,so in bandori universe it's still 2019
Leon,08/07/2020,or idk
Leon,08/07/2020,tbh
Leon,08/07/2020,lmao its confusing
Leon,08/07/2020,o ye xdd
Leon,08/07/2020,o no
Leon,08/07/2020,lmao
Leon,08/07/2020,idk what to put
Leon,08/07/2020,
Leon,08/07/2020,also idk anything about morfonica
Leon,08/07/2020,lol
Leon,08/07/2020,
Leon,08/07/2020,ok idk this is what i got so far
Leon,08/07/2020,
Leon,08/07/2020,i have dinner rn
Leon,08/07/2020,lmk what else i left out
Leon,08/07/2020,ok well i'm back already
Leon,08/07/2020,lol
Leon,08/07/2020,o okay xdd
Leon,08/07/2020,o
Leon,08/07/2020,why lol
Leon,08/07/2020,to shuffle? lol
Leon,08/07/2020,o xd
Leon,08/07/2020,o yE the calluses on ur hand really help with shuffling cards
Leon,08/07/2020,wha
Leon,08/07/2020,what am i trying to say
Leon,08/07/2020,i was just being sarcastic cos u said u get privileges shuffling cards cos u play guitar
Leon,08/07/2020,what's a thrift store lol
Leon,08/07/2020,o
Leon,08/07/2020,ok lol
Leon,08/07/2020,i've never heard it called thrift store
Leon,08/07/2020,can u even go to thrift stores tho
Leon,08/07/2020,cos corona
Leon,08/07/2020,o
Leon,08/07/2020,yea that's what I hear too xd
Leon,08/07/2020,charity shop
Leon,08/07/2020,o
Leon,08/07/2020,nice xd
Leon,08/07/2020,o how come
Leon,08/07/2020,so they come more or less
Leon,08/07/2020,o
Leon,08/07/2020,ok
Leon,08/07/2020,well I got 2 campsite villagers
Leon,08/07/2020,olive
Leon,08/07/2020,and some piggy
Leon,08/07/2020,o xddd
Leon,08/07/2020,
Leon,08/07/2020,yea it was that guy xd
Leon,08/07/2020,kristii
Leon,08/07/2020,wanna play minecraft
Leon,08/07/2020,o ok lol
Leon,08/07/2020,o yea
Leon,08/07/2020,https://tiermaker.com/create/bandori-ships-tier-list-491450
Leon,08/07/2020,TierMaker
Leon,08/07/2020,Create a bandori ships Tier List
Leon,08/07/2020,everyone is gay
Leon,08/07/2020,
Leon,08/07/2020,o btw some of them are joke ships
Leon,08/07/2020,o
Leon,08/07/2020,why
Leon,08/07/2020,daijoubu desuka
Leon,08/07/2020,o
Leon,08/07/2020,xddd
Leon,08/07/2020,if u lose enough times she will just move in anyways
Leon,08/07/2020,ye
Leon,08/07/2020,also just close the game and reopen if the villager that's moving out is one u like
Leon,08/07/2020,ya just close and reopen without finishing the dialogue
Leon,08/07/2020,o
Leon,08/07/2020,well that works too ig xdd
Leon,08/07/2020,o lol
Leon,08/07/2020,yea i wouldn't exchange my original villagers lol
Leon,08/07/2020,but its up to u its ur island
Leon,08/07/2020,o lool
Leon,08/07/2020,o lmaooo
Leon,08/07/2020,she hates it at ur island xdd
Leon,08/07/2020,can't believe ur such a bully kristi
Leon,08/07/2020,dam
Leon,08/07/2020,euphoria hell
Leon,08/07/2020,o wow those eyes
Leon,08/07/2020,are like :eye: :lips: :eye:
Leon,08/07/2020,what's a beauty mark
Leon,08/07/2020,a what
Leon,08/07/2020,mole
Leon,08/07/2020,the animal?
Leon,08/07/2020,??
Leon,08/07/2020,o
Leon,08/07/2020,wait no
Leon,08/07/2020,no ik what a mole is
Leon,08/07/2020,sh
Leon,08/07/2020,why's it not called a mole tho
Leon,08/07/2020,if it's a beauty mark
Leon,08/07/2020,or is that just sugar coating it
Leon,08/07/2020,and its just a mole
Leon,08/07/2020,lol
Leon,08/07/2020,o
Leon,08/07/2020,ok
Leon,08/07/2020,i gotchu
Leon,08/07/2020,yea okay xdd
Leon,08/07/2020,o yE
Leon,08/07/2020,yea ok
Leon,08/07/2020,xddd
Leon,08/07/2020,o
Leon,08/07/2020,u should look up card shuffle tutorial on youtube
Leon,08/07/2020,its a tier list
Leon,08/07/2020,u drag it into the tiers
Leon,08/07/2020,by dragging it
Leon,08/07/2020,the ship
Leon,08/07/2020,
Leon,08/07/2020,o
Leon,08/07/2020,idk maybe a mobile thing
Leon,08/07/2020,do u want me to screen share and then u tell me where to put stuff
Leon,08/07/2020,lol
Leon,08/07/2020,wow u are certified lazy
Leon,08/07/2020,lazy™️
Leon,08/07/2020,xdd
Leon,08/07/2020,wait whata
Leon,08/07/2020,what's sabboth
Leon,08/07/2020,does it
Leon,08/07/2020,o
Leon,08/07/2020,yea ok ik what sabbath is
Leon,08/07/2020,idk what sabboth is tho xdd
Leon,08/07/2020,ur a typo
Leon,09/07/2020,ye
Leon,09/07/2020,ur a mistake /s
Leon,09/07/2020,o
Leon,09/07/2020,uh
Leon,09/07/2020,celeste is on my island
Leon,09/07/2020,idk if i'm serious tbh or if i just saw ghost celeste cos i'm on my other account now and i have spent 10 minutes tryna find her again
Leon,09/07/2020,ye xdd
Leon,09/07/2020,maybe she's in the museum with her oppa
Leon,09/07/2020,wow
Leon,09/07/2020,i literally can't find her
Leon,09/07/2020,she's probably behind a cliff or something
Leon,09/07/2020,but i cbb
Leon,09/07/2020,well I guess you've went to sleep already?
Leon,09/07/2020,so goodnight xd
Leon,09/07/2020,I'm sleeping in a bit too
Leon,09/07/2020,kristii why u dead
Leon,09/07/2020,if it's cos i said u were a mistake last night then sorry I'll stop making those kind of jokes if u don't like it
Leon,09/07/2020,o
Leon,09/07/2020,o ok lol
Leon,09/07/2020,u should learn the accordion thing
Leon,09/07/2020,where u like flip cards from one hand and then they go to ur other hand
Leon,09/07/2020,lmao imagine an app where u have to save every single message
Leon,09/07/2020,
Leon,09/07/2020,tf
Leon,09/07/2020,it's meant to be a gif
Leon,09/07/2020,bruh
Leon,09/07/2020,https://youtu.be/ZDCLxz3wh9U
Leon,09/07/2020,YouTube
Leon,09/07/2020,Mike Boyd
Leon,09/07/2020,Learn to Card Spring ft Chris Ramsay
Leon,09/07/2020,
Leon,09/07/2020,here's Mike Boyd learning it
Leon,09/07/2020,he learns lots of little party tricks
Leon,09/07/2020,ye
Leon,09/07/2020,ur pretty cool :sunglasses:
Leon,09/07/2020,o lol
Leon,09/07/2020,do u want some hi quality cards for ur bday
Leon,09/07/2020,I was gonna get u smth else but I can just do that for Christmas
Leon,09/07/2020,o
Leon,09/07/2020,ok xdd
Leon,09/07/2020,yea
Leon,09/07/2020,my question still stands tho
Leon,09/07/2020,are charity shops even open atm
Leon,09/07/2020,o lol
Leon,09/07/2020,online xd
Leon,09/07/2020,ye but u can get like high quality cards online
Leon,09/07/2020,and they'll probably last 10x longer than £1
Leon,09/07/2020,oic
Leon,09/07/2020,o xdd
Leon,09/07/2020,nice lmao :clap:
Leon,09/07/2020,kristii
Leon,09/07/2020,wanna play mc today
Leon,09/07/2020,o ok lol
Leon,09/07/2020,o lol
Leon,09/07/2020,well just lmk if u wanna play
Leon,09/07/2020,also kristi
Leon,09/07/2020,ur gay
Leon,09/07/2020,:)
Leon,09/07/2020,no u
Leon,09/07/2020,hows ur cards going xd
Leon,09/07/2020,bruh i'm so bad at osu >:(
Leon,09/07/2020,wow i'm watching the stream of some guy on thom's server we used to play league with
Leon,09/07/2020,
Leon,09/07/2020,and he's a gamer girl now xddd
Leon,09/07/2020,https://img-9gag-fun.9cache.com/photo/aj99xyq_460svvp9.webm
Leon,09/07/2020,o
Leon,09/07/2020,xdddd
Leon,09/07/2020,how lol
Leon,09/07/2020,from shuffling cards? xd
Leon,09/07/2020,o
Leon,09/07/2020,lmaoo
Leon,09/07/2020,also bruh ur notifications really do be ded
Leon,09/07/2020,O
Leon,09/07/2020,:((
Leon,09/07/2020,xddd
Leon,09/07/2020,https://www.youtube.com/watch?v=36q4Ze0kFu8
Leon,09/07/2020,YouTube
Leon,09/07/2020,Geosquare
Leon,09/07/2020,The Quest for the Tallest Cactus in Minecraft
Leon,09/07/2020,
Leon,09/07/2020,lmao
Leon,09/07/2020,fueee
Leon,09/07/2020,o lmaoo i've seen the expose burn out one
Leon,10/07/2020,ye i did xdddd
Leon,10/07/2020,also do u think i should make a great white shark statue or sell them
Leon,10/07/2020,cos i got 4 of them today
Leon,10/07/2020,yea i made a statue xd
Leon,10/07/2020,also ye wtf is wrong with ur phone xd
Leon,10/07/2020,do u have my chat muted lol
Leon,10/07/2020,:thinking:
Leon,10/07/2020,ye maybe u did it by accident
Leon,10/07/2020,o why
Leon,10/07/2020,o
Leon,10/07/2020,bruh
Leon,10/07/2020,don't shuffle ur cards instead of eating dinner bruh
Leon,10/07/2020,https://www.youtube.com/watch?v=Io4fxdBEApc
Leon,10/07/2020,YouTube
Leon,10/07/2020,Martu Roses
Leon,10/07/2020,LMFAO   Everyday I'm Shuffling.
Leon,10/07/2020,
Leon,10/07/2020,is this u
Leon,10/07/2020,aww
Leon,10/07/2020,poor loli
Leon,10/07/2020,nah left hand is just better in general
Leon,10/07/2020,yea i have small hands too lol
Leon,10/07/2020,hands down one of the worst experiences of my life
Leon,10/07/2020,o yE xddd
Leon,10/07/2020,ye my hands are too small to reach an octave properly on a piano
Leon,10/07/2020,so i need to like put my hand a bit further down to do it
Leon,10/07/2020,small hand gang :call_me:
Leon,10/07/2020,u should get
Leon,10/07/2020,like the tiny toy hand
Leon,10/07/2020,this
Leon,10/07/2020,
Leon,10/07/2020,aw yeah
Leon,10/07/2020,jon
Leon,10/07/2020,from
Leon,10/07/2020,vat19
Leon,10/07/2020,dot
Leon,10/07/2020,com
Leon,10/07/2020,yea ik this product from vat19 xddd
Leon,10/07/2020,bruh i watched all their videos back when they made actual commercials lol
Leon,10/07/2020,xdddd
Leon,10/07/2020,yea i bought the polar pen like last year
Leon,10/07/2020,after like 4 years of internal hyping it up
Leon,10/07/2020,but the pen part is actually really shit
Leon,10/07/2020,lmao
Leon,10/07/2020,like it barely even writes
Leon,10/07/2020,O
Leon,10/07/2020,bruh
Leon,10/07/2020,it was legit like £20
Leon,10/07/2020,but i was like
Leon,10/07/2020,ye but it looks cool
Leon,10/07/2020,lmAO
Leon,10/07/2020,nah i actually have it lol
Leon,10/07/2020,i use a polar pen part to make screwdrivers magnetic
Leon,10/07/2020,
Leon,10/07/2020,cos we have screwdrivers that look like this
Leon,10/07/2020,so u can plop a segment on the flat end of that
Leon,10/07/2020,and it turns the screwdriver magnetic
Leon,10/07/2020,o
Leon,10/07/2020,bruh
Leon,10/07/2020,u should wear contacts
Leon,10/07/2020,o
Leon,10/07/2020,fair enough
Leon,10/07/2020,what about ur mouth hole
Leon,10/07/2020,damn
Leon,10/07/2020,every time u eat food
Leon,10/07/2020,that sounds rough
Leon,10/07/2020,no not really
Leon,10/07/2020,what would go too deep in ur mouth
Leon,10/07/2020,vat19 giant gummy worm?
Leon,10/07/2020,o
Leon,10/07/2020,yea did u know ur not meant to put that like in ur ears
Leon,10/07/2020,ur meant to only clean the outside
Leon,10/07/2020,o
Leon,10/07/2020,o ok good to know xd
Leon,10/07/2020,idk maybe for money
Leon,10/07/2020,i'd do it for 1k
Leon,10/07/2020,jk probably not
Leon,10/07/2020,maybe if it was more tho :thinking:
Leon,10/07/2020,oic
Leon,10/07/2020,do ppl throw up from sucking dick
Leon,10/07/2020,lol
Leon,10/07/2020,vomit :yum:
Leon,10/07/2020,ye but can't u make urself throw up by sticking fingers down ur throat
Leon,10/07/2020,lol
Leon,10/07/2020,
Leon,10/07/2020,cursed
Leon,10/07/2020,o
Leon,10/07/2020,do it now
Leon,10/07/2020,o
Leon,10/07/2020,well done :clap: :clap:
Leon,10/07/2020,what
Leon,10/07/2020,what the fuck kristi
Leon,10/07/2020,bruh ur like those anime characters when they get punched
Leon,10/07/2020,are u sure u didn't have like a broken lung or something
Leon,10/07/2020,wait
Leon,10/07/2020,why did u put a toothbrush down ur throat
Leon,10/07/2020,tbh that's understandable tho i'd be scared of gagging too if i fkin puked blood before
Leon,10/07/2020,why were u brushing ur tongue
Leon,10/07/2020,lmaoaoao
Leon,10/07/2020,wait waht
Leon,10/07/2020,o yo wtf ur meant to brush ur tongue??
Leon,10/07/2020,ok guess i'm gonna have tongue cavities then :pensive:
Leon,10/07/2020,i've never brushed my tongue before lmao
Leon,10/07/2020,yea ok xdd
Leon,10/07/2020,bruh thom asking me to play league smh
Leon,10/07/2020,no i'm not playing
Leon,10/07/2020,ye i mean like 80% of the time i don't play with thom
Leon,10/07/2020,lmao
Leon,10/07/2020,if i played every time with thom every time he asked
Leon,10/07/2020,u would never talk to me
Leon,10/07/2020,xd
Leon,10/07/2020,wait wha
Leon,10/07/2020,what accuracy
Leon,10/07/2020,o
Leon,10/07/2020,yea dw i'm not league addicted like thom
Leon,10/07/2020,well not as league addicted as thom anyways
Leon,10/07/2020,o
Leon,10/07/2020,wait what kinda window
Leon,10/07/2020,like a house window
Leon,10/07/2020,or pc windows 10 window
Leon,10/07/2020,o naisu
Leon,10/07/2020,o
Leon,10/07/2020,lol
Leon,10/07/2020,ok
Leon,10/07/2020,what is there to say about windows though
Leon,10/07/2020,is it a story about windows?? lol
Leon,10/07/2020,ic xdd
Leon,10/07/2020,lmaoaoao
Leon,10/07/2020,zzzzzzz
Leon,10/07/2020,i'm falling asleep just listening to u
Leon,10/07/2020,/s
Leon,10/07/2020,yea that's why u took so long to send that message
Leon,10/07/2020,u literally dozed off halfway through typing it
Leon,10/07/2020,xdddd
Leon,10/07/2020,"today, we shall engage ourselvese in the topic of bricks"
Leon,10/07/2020,bricks can be made by smelting clay in a furnace. you can find clay in the bottom of rivers. bricks can be made to craft flowerpots with 3 bricks in a u shape on a crafting table
Leon,10/07/2020,"they can also be used to make brick blocks, although they look pretty shit compared to stone bricks"
Leon,10/07/2020,"in modded 1.12, there is a recipe in ex nihilo that allows you to convert dust into clay by using a barrel and water. This allows production of clay to be possible in skyblock worlds, where rivers and lakes are inaccessible"
Leon,10/07/2020,xdd
Leon,10/07/2020,i can tell ur gonna have fun in summer school lol
Leon,10/07/2020,o yE
Leon,10/07/2020,xddd
Leon,10/07/2020,yea maybe u should actually quit xd
Leon,10/07/2020,O
Leon,10/07/2020,sad times
Leon,10/07/2020,o wtf 7h
Leon,10/07/2020,o
Leon,10/07/2020,xdd
Leon,10/07/2020,zombie apocalypse??
Leon,10/07/2020,bruh where's rimi when u need her
Leon,10/07/2020,o
Leon,10/07/2020,bruh
Leon,10/07/2020,i love the tag
Leon,10/07/2020,cottage-core lesbians vibing as the world ends
Leon,10/07/2020,lmaoo
Leon,10/07/2020,yes
Leon,10/07/2020,xdd
Leon,10/07/2020,btw i think u should donate to my bridge next time u come over
Leon,10/07/2020,yea :(
Leon,10/07/2020,o
Leon,10/07/2020,yea cos ur the one with 7m bells lmaoaoao
Leon,10/07/2020,quora responses are the funniest thing ever
Leon,10/07/2020,lmao
Leon,10/07/2020,
Leon,10/07/2020,I am a guy and I love to suck dick. I have been told I have great skills
Leon,10/07/2020,lmaoaoaoaoaoaoo
Leon,10/07/2020,everyone on quora is just so egotistical
Leon,10/07/2020,https://www.youtube.com/watch?v=OIBw0xBoSyg
Leon,10/07/2020,YouTube
Leon,10/07/2020,아카펠라 나린_Narin
Leon,10/07/2020,일분나린 l 제니(Jennie) - 솔로(Solo)
Leon,10/07/2020,
Leon,10/07/2020,idk what to do with my house in ac >:(
Leon,10/07/2020,idk what to dooooooooo
Leon,10/07/2020,fuck me >:((
Leon,10/07/2020,what the fuc
Leon,10/07/2020,
Leon,10/07/2020,i have peaked
Leon,10/07/2020,
Leon,10/07/2020,nhentai in animal crossing
Leon,10/07/2020,yea I made pornhub too
Leon,10/07/2020,
Leon,10/07/2020,ye ur discord is fuced
Leon,10/07/2020,o
Leon,10/07/2020,yea i had it for ponytail day
Leon,10/07/2020,then didn't bother changing it back
Leon,10/07/2020,okay night kristi xd
Leon,10/07/2020,is it just for discord tho lol
Leon,10/07/2020,maybeu should uninstall reinstall xd
Leon,10/07/2020,o lol
Leon,10/07/2020,lo-fi hip hop radio - beats to relax/study to
Leon,10/07/2020,
Leon,10/07/2020,okay but this actually looks pretty good
Leon,10/07/2020,
Leon,10/07/2020,btw
Leon,10/07/2020,those customisation kits
Leon,10/07/2020,are so expensive
Leon,10/07/2020,i changed the image 4 times
Leon,10/07/2020,and then realised its 7 kits for 1 pc
Leon,10/07/2020,lol
Leon,10/07/2020,ye I'm used to doing that from making fish bait xd
Leon,10/07/2020,o
Leon,10/07/2020,do u think ppl would actually hire u
Leon,10/07/2020,to edit or proof read
Leon,10/07/2020,ye u should actually do it
Leon,10/07/2020,exchange for money tho? :thinking:
Leon,10/07/2020,yea well I'm saying u should exchange for money xd
Leon,10/07/2020,but okay xd
Leon,10/07/2020,goodnight :)
Leon,10/07/2020,hope ur notification problem gets fixed soon
Leon,10/07/2020,I'm getting kinda lonely from u not responding :pleading_face: /s
Leon,10/07/2020,bruh
Leon,10/07/2020,I dreamt that
Leon,10/07/2020,u were fkin dead
Leon,10/07/2020,actually idek if u died it was weird af
Leon,10/07/2020,I don't really remember anything lol
Leon,10/07/2020,but by the end of it u were alive again
Leon,10/07/2020,so
Leon,10/07/2020,idk
Leon,10/07/2020,and idk it was so weird
Leon,10/07/2020,I was telling u to drink motor oil
Leon,10/07/2020,for some reason
Leon,10/07/2020,yea
Leon,10/07/2020,and u were with dahyun from twice??
Leon,10/07/2020,idk why
Leon,10/07/2020,or maybe it was someone else
Leon,10/07/2020,but u were with another asian girl
Leon,10/07/2020,and I signed into minecraft when u were dead and there was guardian farms in all the ocean monuments and sweden(guy in our server) was making a magma slime farm in the overworld
Leon,10/07/2020,I have no idea tbh
Leon,10/07/2020,lmao
Leon,10/07/2020,yea idk
Leon,10/07/2020,and I think I accidently killed u
Leon,10/07/2020,or had something to do with it
Leon,10/07/2020,maybe I accidently killed someone else
Leon,10/07/2020,I was trying to hide the body lmao
Leon,10/07/2020,no I told u to drink motor oil after u were alive again :D
Leon,10/07/2020,ye
Leon,10/07/2020,it was so weird :(
Leon,10/07/2020,o
Leon,10/07/2020,ye sad times :(
Leon,10/07/2020,is this what neglect feels like? /s
Leon,10/07/2020,maybe it's your phone notifications have discord turned off
Leon,10/07/2020,@みどり
Leon,10/07/2020,@みどり u are gay
Leon,10/07/2020,ye ur phone is ded
Leon,10/07/2020,maybe I should just talk to u on tiktok DM from now on
Leon,10/07/2020,ok
Leon,10/07/2020,@みどり
Leon,10/07/2020,o
Leon,10/07/2020,what did u do
Leon,10/07/2020,o
Leon,10/07/2020,lol
Leon,10/07/2020,well glad it's working again
Leon,10/07/2020,yea bich nice try
Leon,10/07/2020,I'm here to stay >:)
Leon,10/07/2020,o
Leon,10/07/2020,
Leon,10/07/2020,no he's just decluttering his DMs
Leon,10/07/2020,
Leon,10/07/2020,O
Leon,10/07/2020,[14:57]
Leon,10/07/2020,ye u probably have a million ac traders
Leon,10/07/2020,
Leon,10/07/2020,o
Leon,10/07/2020,[14:57]
Leon,10/07/2020,:o
Leon,10/07/2020,
Leon,10/07/2020,O
Leon,10/07/2020,
Leon,10/07/2020,yea what
Leon,10/07/2020,
Leon,10/07/2020,o
Leon,10/07/2020,[14:58]
Leon,10/07/2020,yea
Leon,10/07/2020,
Leon,10/07/2020,it does for Oscar tho
Leon,10/07/2020,
Leon,10/07/2020,I think so
Leon,10/07/2020,
Leon,10/07/2020,maybe it was val not oscar
Leon,10/07/2020,
Leon,10/07/2020,but one of the two
Leon,10/07/2020,
Leon,10/07/2020,that we leech hotspot off of
Leon,10/07/2020,[15:00]
Leon,10/07/2020,can load up nsfw sites
Leon,10/07/2020,
Leon,10/07/2020,o
Leon,10/07/2020,[15:00]
Leon,10/07/2020,xddd
Leon,10/07/2020,
Leon,10/07/2020,ye why u trying to load it up tho
Leon,10/07/2020,
Leon,10/07/2020,oic
Leon,10/07/2020,
Leon,10/07/2020,o :thinking:
Leon,10/07/2020,ye
Leon,10/07/2020,next time ur at ur dad's
Leon,10/07/2020,step bro
Leon,10/07/2020,I'm stuck
Leon,10/07/2020,o
Leon,10/07/2020,xdd
Leon,10/07/2020,ur at ur at ur
Leon,10/07/2020,lmaoaoaoao
Leon,10/07/2020,wtf am I doing
Leon,10/07/2020,no not really
Leon,10/07/2020,I'm traumatised from u ded in my dream
Leon,10/07/2020,bruh
Leon,10/07/2020,so u were lying in bed awake while you are lying in bed asleep
Leon,10/07/2020,u went to ur brothers room to sleep? lol
Leon,10/07/2020,onii-chan i cant sleep :pleading_face:
Leon,10/07/2020,ye maybe if u fell asleep in ur dream you'd dream about dreaming about not being able to sleep again
Leon,10/07/2020,ye
Leon,10/07/2020,why would he still say it weird tho
Leon,10/07/2020,oic
Leon,10/07/2020,lol
Leon,10/07/2020,u should call him onii chan
Leon,10/07/2020,dodo airlines
Leon,10/07/2020,o
Leon,10/07/2020,lmao
Leon,10/07/2020,wha
Leon,10/07/2020,lmao okay xdd
Leon,10/07/2020,what's dottery tho
Leon,10/07/2020,o lmao
Leon,10/07/2020,u could make a YouTube short documentary on the history of martin nicknames
Leon,10/07/2020,bruh
Leon,10/07/2020,rice kristi
Leon,10/07/2020,like rice crispies but kristi version
Leon,10/07/2020,lol
Leon,10/07/2020,hi rice
Leon,10/07/2020,I'm dad
Leon,10/07/2020,O
Leon,10/07/2020,:o
Leon,10/07/2020,O
Leon,10/07/2020,:OO
Leon,10/07/2020,xdd
Leon,10/07/2020,it's not even raining here
Leon,10/07/2020,https://youtu.be/YidmA4DCjGc
Leon,10/07/2020,YouTube
Leon,10/07/2020,Toby Fox - Topic
Leon,10/07/2020,It's Raining Somewhere Else
Leon,10/07/2020,
Leon,10/07/2020,bruh kristi u should play undertale
Leon,10/07/2020,it's so good
Leon,10/07/2020,O
Leon,10/07/2020,u bought it?
Leon,10/07/2020,oic
Leon,10/07/2020,ye u should play
Leon,10/07/2020,o lol
Leon,10/07/2020,yea I should probably do same
Leon,10/07/2020,ur a log
Leon,10/07/2020,kristi
Leon,10/07/2020,what's brown and sticky
Leon,10/07/2020,a stick
Leon,10/07/2020,:rofl: :rofl: :joy: :joy: :joy:
Leon,10/07/2020,:weary: :ok_hand: :100: :100: :100:
Leon,10/07/2020,xdd
Leon,10/07/2020,o gl xd
Leon,10/07/2020,o
Leon,10/07/2020,how is it
Leon,10/07/2020,are u dying lol
Leon,10/07/2020,o :(
Leon,10/07/2020,ganbatte kristi
Leon,10/07/2020,omg omg
Leon,10/07/2020,there's berd plushies
Leon,10/07/2020,https://makeship.com/products/philbert-tommy
Leon,10/07/2020,Makeship Store
Leon,10/07/2020,Tommy Berd Plush
Leon,10/07/2020,"Get both Tommy & Philbert for $5 off, automatically applied at checkoutPhilbert: https://makeship.com/products/philbertThis product is a PRE-ORDER, it will ship September 20th-30th, 2020  Size: Height: 22 cmWidth: 26 cm Ships: September 20th-30th Shipping: For information on s..."
Leon,10/07/2020,
Leon,10/07/2020,john cook
Leon,10/07/2020,
Leon,10/07/2020,o :(
Leon,10/07/2020,did u manage to pick the weeds tho xd
Leon,10/07/2020,o naisu
Leon,10/07/2020,what
Leon,10/07/2020,bruh
Leon,10/07/2020,xddd
Leon,10/07/2020,we're not by the sea
Leon,10/07/2020,is there lol
Leon,10/07/2020,oops maybe there is then lmao
Leon,10/07/2020,tbh i don't remember what happens in love live lmao
Leon,10/07/2020,lol
Leon,10/07/2020,why
Leon,10/07/2020,o
Leon,10/07/2020,bruh arise is gay
Leon,10/07/2020,o
Leon,10/07/2020,lmao
Leon,10/07/2020,yea
Leon,10/07/2020,i told u
Leon,11/07/2020,wtf are u okay
Leon,11/07/2020,o
Leon,11/07/2020,lmao
Leon,11/07/2020,maybe giant to u
Leon,11/07/2020,visual representation of kristi's garden
Leon,11/07/2020,
Leon,11/07/2020,o
Leon,11/07/2020,ye
Leon,11/07/2020,i think so
Leon,11/07/2020,or at least i've not seen anything from him
Leon,11/07/2020,dunno tbh lol
Leon,11/07/2020,i wasn't very into offlinetv when it happened
Leon,11/07/2020,O
Leon,11/07/2020,okay lol take care xd
Leon,11/07/2020,hopefully ur hand gets better soon xd
Leon,11/07/2020,o yea lemme come over rq
Leon,11/07/2020,well there's a pressure point between ur thumb and index finger
Leon,11/07/2020,idk what it does tho xd
Leon,11/07/2020,o no preorders for lily's merch ends tmw
Leon,11/07/2020,
Leon,11/07/2020,visualised: man dead of boredom from placing animal crossing paths one by one (circa 2020)
Leon,11/07/2020,
Leon,11/07/2020,o ok
Leon,11/07/2020,yea rice just fixes anything
Leon,11/07/2020,didn't u know that
Leon,11/07/2020,if ur hand hurts just put it in rice overnight
Leon,11/07/2020,well ok xdd
Leon,11/07/2020,goodnight kristi :)
Leon,11/07/2020,oka so I spent like an hour making 80 fish baits
Leon,11/07/2020,so if ur up for it we can do some fishing tournament stuff tomorrow :)
Leon,11/07/2020,ah I just woke up
Leon,11/07/2020,fuck me
Leon,11/07/2020,I even set an alarm for 2
Leon,11/07/2020,woke up
Leon,11/07/2020,then just went back to sleep
Leon,11/07/2020,wanna fish at half 3
Leon,11/07/2020,o okay xd
Leon,11/07/2020,bruh i'm so tired
Leon,11/07/2020,o that's good i guess xd
Leon,11/07/2020,xdddd
Leon,11/07/2020,o why tho lol
Leon,11/07/2020,wow
Leon,11/07/2020,that's a bummer
Leon,11/07/2020,xdd
Leon,11/07/2020,ur gayer
Leon,11/07/2020,o dam
Leon,11/07/2020,if i'm gay ur gay too
Leon,11/07/2020,i'm taking u down with me
Leon,11/07/2020,>:)
Leon,11/07/2020,ye get fucked
Leon,11/07/2020,ye now ur sad that ur gay
Leon,11/07/2020,dare i say
Leon,11/07/2020,ur
Leon,11/07/2020,butthurt
Leon,11/07/2020,yes
Leon,11/07/2020,come over
Leon,11/07/2020,my parents aren't home
Leon,11/07/2020,"in fact, there's nobody home at the moment as i'm making rivers"
Leon,11/07/2020,ye idk xd
Leon,11/07/2020,ye
Leon,11/07/2020,my gates are open
Leon,11/07/2020,yes
Leon,11/07/2020,kristi are u coming to fish lol
Leon,11/07/2020,no i was just asking lol
Leon,11/07/2020,idk
Leon,11/07/2020,could u redeem ur stuff from the bug tournament at  ur island
Leon,11/07/2020,with points u got from my island
Leon,11/07/2020,uh lemme see
Leon,11/07/2020,nope
Leon,11/07/2020,should i come to ur island with the bait
Leon,11/07/2020,and i can see if the points transfer from island to island
Leon,11/07/2020,cos i already have some points
Leon,11/07/2020,oka are ur gates open
Leon,11/07/2020,ye i'm that kanon dreamfes card
Leon,11/07/2020,o
Leon,11/07/2020,yea that too lol
Leon,11/07/2020,oka will do
Leon,11/07/2020,like 110
Leon,11/07/2020,oka well i got a spare cooler
Leon,11/07/2020,ye u can have it xd
Leon,11/07/2020,np :)
Leon,11/07/2020,o lmaoo
Leon,11/07/2020,how many points did u have lmao
Leon,11/07/2020,how tf
Leon,11/07/2020,isn't there 13 items
Leon,11/07/2020,o ok xdd
Leon,11/07/2020,o
Leon,11/07/2020,good luck xd
Leon,11/07/2020,sad times xd
Leon,11/07/2020,ooh my parents are thinking about getting a new house :thinking:
Leon,11/07/2020,kristii
Leon,11/07/2020,o
Leon,11/07/2020,good work :)
Leon,11/07/2020,its 10pm jesus
Leon,11/07/2020,aw nice xd
Leon,11/07/2020,i'm guessing u won't wanna play mc then xd
Leon,11/07/2020,yea if ur tired its fine xd
Leon,11/07/2020,o okay xd
Leon,11/07/2020,nope
Leon,11/07/2020,i've watched gameplay tho
Leon,11/07/2020,o
Leon,11/07/2020,sure
Leon,11/07/2020,gonna  be very kirakira dokidoki
Leon,11/07/2020,o good job :))
Leon,12/07/2020,o
Leon,12/07/2020,where's the rest
Leon,12/07/2020,lol
Leon,12/07/2020,O
Leon,12/07/2020,i thought it's like
Leon,12/07/2020,frozen poker
Leon,12/07/2020,lmaoaoao
Leon,12/07/2020,like we have one piece poker somewhere
Leon,12/07/2020,and it's just poker cards but the pictures are one piece ppl
Leon,12/07/2020,o dam
Leon,12/07/2020,o
Leon,12/07/2020,i thought u wanted to go charity shop hunting
Leon,12/07/2020,o
Leon,12/07/2020,ic
Leon,12/07/2020,do u want paper cards or plastic tho
Leon,12/07/2020,u get plastic cards tho
Leon,12/07/2020,we have plastic and paper cards
Leon,12/07/2020,its like uno h2o material if you've ever used that
Leon,12/07/2020,or actually probably like regular uno
Leon,12/07/2020,idk i've not played uno in years lmao
Leon,12/07/2020,and yea
Leon,12/07/2020,we have 2 sets
Leon,12/07/2020,1 plastic 1 paper
Leon,12/07/2020,we also have card mahjong
Leon,12/07/2020,it's really shet
Leon,12/07/2020,and we have uno h2o
Leon,12/07/2020,ye but they'll last u longer
Leon,12/07/2020,probably
Leon,12/07/2020,o okay
Leon,12/07/2020,o wait charity shops are literally open rn
Leon,12/07/2020,they've been open for 2 weeks
Leon,12/07/2020,o rip lol
Leon,12/07/2020,ye i'll buy u one
Leon,12/07/2020,on amazon
Leon,12/07/2020,dw lol
Leon,12/07/2020,it's £3.18 for a pack of 2
Leon,12/07/2020,nop
Leon,12/07/2020,o
Leon,12/07/2020,do u want me to go charity shop hunting
Leon,12/07/2020,for u
Leon,12/07/2020,lmao
Leon,12/07/2020,idk
Leon,12/07/2020,any time
Leon,12/07/2020,i could do it tmw if u really wanted
Leon,12/07/2020,ye
Leon,12/07/2020,do u want
Leon,12/07/2020,lol
Leon,12/07/2020,o
Leon,12/07/2020,o
Leon,12/07/2020,yea i want to
Leon,12/07/2020,xd
Leon,12/07/2020,ye
Leon,12/07/2020,oka
Leon,12/07/2020,well sainsbury's actually sells cards for £2
Leon,12/07/2020,well that's what their site says
Leon,12/07/2020,but like
Leon,12/07/2020,its the same as the amazon one
Leon,12/07/2020,but the amazon is £3.20 for 2
Leon,12/07/2020,and sainsbury's is £2 for 1
Leon,12/07/2020,o
Leon,12/07/2020,ic
Leon,12/07/2020,ok xd
Leon,12/07/2020,what's the difference
Leon,12/07/2020,i don't think a nice flashy deck is gonna cost £2 only xd
Leon,12/07/2020,wtf
Leon,12/07/2020,
Leon,12/07/2020,its in the q&a section of an amazon card
Leon,12/07/2020,it doesn't matter if you're right handed or not tho
Leon,12/07/2020,does it ??
Leon,12/07/2020,also wanna play mccccccc
Leon,12/07/2020,o
Leon,12/07/2020,ok xd
Leon,12/07/2020,btw
Leon,12/07/2020,o
Leon,12/07/2020,no not really
Leon,12/07/2020,new league icons :thinking:
Leon,12/07/2020,
Leon,12/07/2020,:eyes: :sweat_drops: :sweat_drops:
Leon,12/07/2020,also teemo (bottom right)
Leon,12/07/2020,do be looking like tom nook
Leon,12/07/2020,ye
Leon,12/07/2020,lmaoaoao
Leon,12/07/2020,its okay
Leon,12/07/2020,season 10 ends in like a month
Leon,12/07/2020,so i'm trying to climb ranks
Leon,12/07/2020,so now i'm silver 2
Leon,12/07/2020,and thom wants to duo with me but i just patch him
Leon,12/07/2020,o yea i don't play owowatch either lmao
Leon,12/07/2020,ranks are
Leon,12/07/2020,iron -> bronze -> silver -> gold -> plat -> diamond -> masters
Leon,12/07/2020,each rank goes 1 to 4 with 4 being the worst
Leon,12/07/2020,and a cap of 100 LP which u gain from winning
Leon,12/07/2020,LP is the mmr system
Leon,12/07/2020,idk tbh lmao
Leon,12/07/2020,o wow it actually is league points
Leon,12/07/2020,that's kinda a stupid name xdddd
Leon,12/07/2020,"anyways after u reach master, there's no cap on 100LP to reach the next rank"
Leon,12/07/2020,so its like top x of the region
Leon,12/07/2020,"so once u get to masters, u just increase your LP until u get top 700 for grandmasters"
Leon,12/07/2020,then top 300 for challenger
Leon,12/07/2020,and then u can climb challenger to be number 1 for no reason
Leon,12/07/2020,what's owowatch like tho lol
Leon,12/07/2020,o
Leon,12/07/2020,lol
Leon,12/07/2020,bruh
Leon,12/07/2020,i don't have a ps4
Leon,12/07/2020,i think u should give me ur ps4
Leon,12/07/2020,i'll swap ur cards
Leon,12/07/2020,for a ps4
Leon,12/07/2020,seems good?
Leon,12/07/2020,ye
Leon,12/07/2020,its a good deal for me
Leon,12/07/2020,idk about u
Leon,12/07/2020,xddd
Leon,12/07/2020,u better be paying for shipping for those cards tho
Leon,12/07/2020,extra £2 for me to cycle all round town looking for them
Leon,12/07/2020,nah i have 0 cash
Leon,12/07/2020,and i mean i'd cycle even if i had cash
Leon,12/07/2020,cos its free
Leon,12/07/2020,some what lol
Leon,12/07/2020,what's a noodle melon
Leon,12/07/2020,a type of fruit??
Leon,12/07/2020,o
Leon,12/07/2020,noodle melon?
Leon,12/07/2020,what does it look like
Leon,12/07/2020,i did
Leon,12/07/2020,and i got this
Leon,12/07/2020,
Leon,12/07/2020,
Leon,12/07/2020,lmao yea i hear the edm all the way from here
Leon,12/07/2020,sharks fin
Leon,12/07/2020,lol
Leon,12/07/2020,yea well idk what it is xd
Leon,12/07/2020,well ok xdd
Leon,12/07/2020,yea ok 1 melon for cards xd
Leon,12/07/2020,o
Leon,12/07/2020,ok lol
Leon,12/07/2020,o lol
Leon,12/07/2020,well tbh u can have it for free
Leon,12/07/2020,its like no money
Leon,12/07/2020,cards
Leon,12/07/2020,ik there's ones next to the meadows
Leon,12/07/2020,i vaguely know where most of them are cos my mum goes to charity shops
Leon,12/07/2020,ye
Leon,12/07/2020,o why not
Leon,12/07/2020,my mum loves charity shops lol
Leon,12/07/2020,oic
Leon,12/07/2020,ye my mum doesn't give a shit and will just buy it cos its cheap
Leon,12/07/2020,lol
Leon,12/07/2020,o lmao
Leon,12/07/2020,maybe i should do a vlog
Leon,12/07/2020,yo what's up guys it's leon vlogs here back with another EPIC video
Leon,12/07/2020,!!!!!!!
Leon,12/07/2020,today i'm card hunting for my friend KRISTI!!!!! :D :D: D: :D :D :D
Leon,12/07/2020,but before we get into it be sure to SMASH that like button!!!!!!!
Leon,12/07/2020,if you don't i'm going to send the ghost of herobrine after u !!!1
Leon,12/07/2020,now just before the video starts
Leon,12/07/2020,i wanna introduce u to the sponsor of this video
Leon,12/07/2020,RAID SHADOW LEGENDS !!!!!
Leon,12/07/2020,this mobile game has the BEST graphics known to man!!!!
Leon,12/07/2020,and here's a funny section with a joke about some hero that makes my target demographic laugh
Leon,12/07/2020,:joy:
Leon,12/07/2020,"and to top it all off, the developers are going to be adding RAID SHADOW LEGENDS DREAMFES soon!!!!1!1!1"
Leon,12/07/2020,xddd
Leon,12/07/2020,yea so it's 7 minutes into the video now
Leon,12/07/2020,so now i'm gonna have 1 minute of content
Leon,12/07/2020,and then 2 minutes of outro and music
Leon,12/07/2020,and the video ends at 10:00
Leon,12/07/2020,yooo
Leon,12/07/2020,i just got a mounted blue marlin from a balloon
Leon,12/07/2020,wtf
Leon,12/07/2020,gulliver is an alien
Leon,12/07/2020,well he has a spaceship in the older games
Leon,12/07/2020,and wtf
Leon,12/07/2020,there's aliens broadcasting on tv
Leon,12/07/2020,o
Leon,12/07/2020,yea what she say lol
Leon,12/07/2020,o
Leon,12/07/2020,uhhhhhhhh
Leon,12/07/2020,well i'm probably gonna buy the cards still
Leon,12/07/2020,idk maybe i'll just slide it thru ur mailbox or smth xdd
Leon,12/07/2020,bruh peer pressure
Leon,12/07/2020,
Leon,12/07/2020,dam
Leon,12/07/2020,the peer pressure is real :pensive:
Leon,12/07/2020,yea well idc i'll get the cards for u xd
Leon,12/07/2020,o
Leon,12/07/2020,no
Leon,12/07/2020,lmao
Leon,12/07/2020,o
Leon,12/07/2020,xdddd
Leon,12/07/2020,ye what's happening tmw then
Leon,12/07/2020,if i came over would ur mum just tell me to fuc off
Leon,12/07/2020,and then push the cards back into my hands xd
Leon,12/07/2020,o
Leon,12/07/2020,okay lmao
Leon,12/07/2020,idk
Leon,12/07/2020,i'll probably be at urs like
Leon,12/07/2020,4-5
Leon,12/07/2020,?
Leon,12/07/2020,¯\_(ツ)_/¯
Leon,12/07/2020,like 2 probs
Leon,12/07/2020,or maybe i'll end up waking at 3:30 again tho
Leon,12/07/2020,so idk tbh lol
Leon,12/07/2020,oka
Leon,12/07/2020,when do u usually wake up lol
Leon,12/07/2020,o ok lol
Leon,12/07/2020,wait
Leon,12/07/2020,kristi
Leon,12/07/2020,today is
Leon,12/07/2020,sunday
Leon,12/07/2020,are charity shops even open
Leon,12/07/2020,on sunday
Leon,12/07/2020,idk cos they could be lazy fucs
Leon,12/07/2020,lol
Leon,12/07/2020,
Leon,12/07/2020,like so
Leon,12/07/2020,hm
Leon,12/07/2020,shelter is open xd
Leon,12/07/2020,cancer research closed :(
Leon,12/07/2020,british heart foundation isn't even open at all
Leon,12/07/2020,same with pdsa and oxfam
Leon,12/07/2020,uhm
Leon,12/07/2020,maybe i go hunting  tomorrow instead
Leon,12/07/2020,actually i'm going hunting for wild deer
Leon,12/07/2020,yea
Leon,12/07/2020,xdd
Leon,12/07/2020,or do u think shelter would have cards
Leon,12/07/2020,and i just go tmw
Leon,12/07/2020,"there's 2 shelters too, lmao"
Leon,12/07/2020,yea okay
Leon,12/07/2020,xd
Leon,12/07/2020,get some rest :)
Leon,12/07/2020,o
Leon,12/07/2020,i mean i could
Leon,12/07/2020,hm i'll try looking tomorrow i guess
Leon,12/07/2020,okay will do xd
Leon,12/07/2020,well u should sleep
Leon,12/07/2020,xd
Leon,12/07/2020,night :)
Leon,12/07/2020,107 bells kekw
Leon,12/07/2020,https://youtu.be/xVWZ6qpzTgc
Leon,12/07/2020,YouTube
Leon,12/07/2020,Yosuto
Leon,12/07/2020,when you're a fingerstyle guitarist but your meme appetite keeps ki...
Leon,12/07/2020,
Leon,12/07/2020,im in town lol
Leon,12/07/2020,ya im wearing the one u got me lol
Leon,12/07/2020,haven't found anything tho
Leon,12/07/2020,ok so I did this
Leon,12/07/2020,
Leon,12/07/2020,and there's only like 5 shops open and none had cards
Leon,12/07/2020,sorry I couldn't find any :(
Leon,12/07/2020,
Leon,12/07/2020,ye I got them tho xd
Leon,12/07/2020,2 decks for £2 :)
Leon,12/07/2020,yea a bit
Leon,12/07/2020,I literally died on my way to the city
Leon,12/07/2020,nah I'll come over
Leon,12/07/2020,xd
Leon,12/07/2020,wait like 45m
Leon,12/07/2020,I'll slide them thru ur post box
Leon,12/07/2020,letterbox?
Leon,12/07/2020,idk
Leon,12/07/2020,ye it's fine dw about it :)
Leon,12/07/2020,o ok xdd
Leon,12/07/2020,oka well I'm omw now xd
Leon,12/07/2020,ttyl :)
Leon,12/07/2020,want anything from starlight xd
Leon,12/07/2020,no not really xd
Leon,12/07/2020,but it's on the way
Leon,12/07/2020,so if u want anything
Leon,12/07/2020,no u
Leon,12/07/2020,no lol
Leon,12/07/2020,cos we ran out of bread and cereal
Leon,12/07/2020,o ye xddd
Leon,12/07/2020,near Cameron toll lmao
Leon,12/07/2020,o
Leon,12/07/2020,lmaoaoao
Leon,12/07/2020,tbh I'll probably get a bus to urs
Leon,12/07/2020,I'm dying
Leon,12/07/2020,o
Leon,12/07/2020,ok
Leon,12/07/2020,kristi
Leon,12/07/2020,I don't think I'm ok
Leon,12/07/2020,I feel sick
Leon,12/07/2020,lol
Leon,12/07/2020,idk
Leon,12/07/2020,Cameron toll
Leon,12/07/2020,I bought a pot pasta lol
Leon,12/07/2020,yea I might just go home for today
Leon,12/07/2020,sorry
Leon,12/07/2020,no
Leon,12/07/2020,idk
Leon,12/07/2020,ya
Leon,12/07/2020,I might go to Cameron toll toilets and just stick a finger down my throat lol
Leon,12/07/2020,yea
Leon,12/07/2020,sorry I couldn't get ur cards to u
Leon,12/07/2020,I didn't think I was this weak
Leon,12/07/2020,no it's fine lol
Leon,12/07/2020,bruh being indoors for 2 months just destroyed me
Leon,12/07/2020,don't feel bad kristi :(
Leon,12/07/2020,ok well now I don't feel like throwing up anymore lmao
Leon,12/07/2020,so yay
Leon,12/07/2020,and yea okay
Leon,12/07/2020,yee
Leon,12/07/2020,I'll come round tmw to deliver the cards ok?
Leon,12/07/2020,ye
Leon,12/07/2020,and I'll just take the bus tmw
Leon,12/07/2020,I cbb
Leon,12/07/2020,cycling
Leon,12/07/2020,sorry for worrying u kristi :(
Leon,12/07/2020,yea I will dw :)
Leon,12/07/2020,yea ur the pro at being sick xdd
Leon,12/07/2020,I've barely touched it lol
Leon,12/07/2020,I'm just sitting talking to u
Leon,12/07/2020,spicy chicken lol
Leon,12/07/2020,dam tho
Leon,12/07/2020,I'm weak af now
Leon,12/07/2020,I need to start going jogging at least lol
Leon,12/07/2020,cos thom wants to go camping in the pentlands with me and val but if I cycle for 4h in this state I'll just die halfway
Leon,12/07/2020,gotta do training arc
Leon,12/07/2020,o
Leon,12/07/2020,ok
Leon,12/07/2020,ya im better now
Leon,12/07/2020,probably gonna go home
Leon,12/07/2020,and just finish the pasta at home
Leon,12/07/2020,ye but like
Leon,12/07/2020,when I was on my way to Cameron toll legit the shaking from cycling in the road made me feel worse than walking xd
Leon,12/07/2020,I think I'm fine to cycle now tho xd
Leon,12/07/2020,oka I'm going home now xd
Leon,12/07/2020,no lol
Leon,12/07/2020,:D
Leon,12/07/2020,I bought a sparkling mango drink thing from Sainsbury's
Leon,12/07/2020,so that's probably what I would have threw up xdd
Leon,12/07/2020,the works lol
Leon,12/07/2020,yea I went up to princes street xdd
Leon,12/07/2020,oka I'm going home now
Leon,12/07/2020,ttyl :))
Leon,12/07/2020,tadaima
Leon,12/07/2020,:)
Leon,12/07/2020,dam that really do be the kristi experience
Leon,12/07/2020,3h outdoors and fkin dies
Leon,12/07/2020,i rate it a solid 4/10
Leon,12/07/2020,i guess it was just a mix of dehydration malnourishment overheat sleep depravation
Leon,12/07/2020,:DD
Leon,12/07/2020,:yum:
Leon,12/07/2020,yea for the most part
Leon,12/07/2020,sorry for making you worry like this
Leon,12/07/2020,lol
Leon,12/07/2020,probably
Leon,12/07/2020,xdd
Leon,12/07/2020,ye now u get the leon experience™️
Leon,12/07/2020,rate it out of 10
Leon,12/07/2020,o
Leon,12/07/2020,:(
Leon,12/07/2020,aw
Leon,12/07/2020,:(((((((
Leon,12/07/2020,no don't blame urself u lil shit it was 100% my fault
Leon,12/07/2020,ye but like
Leon,12/07/2020,i shouldn't have just thrown myself on the road like that
Leon,12/07/2020,if i just ate i think i would have been fine
Leon,12/07/2020,ye
Leon,12/07/2020,lol
Leon,12/07/2020,ye
Leon,12/07/2020,o yea fun fact
Leon,12/07/2020,when i was sleeping
Leon,12/07/2020,i dreamt that it was 1pm
Leon,12/07/2020,and i had to wake up
Leon,12/07/2020,to buy the cards
Leon,12/07/2020,so i woke up
Leon,12/07/2020,and it was 1pm exactly
Leon,12/07/2020,like wtf
Leon,12/07/2020,and my earliest alarm was 1:30
Leon,12/07/2020,i literally have no idea
Leon,12/07/2020,unless i just never slept and i was just hallucinating
Leon,12/07/2020,o
Leon,12/07/2020,why does ur head hurt
Leon,12/07/2020,o
Leon,12/07/2020,maybe u should be the one taking a rest
Leon,12/07/2020,brurh
Leon,12/07/2020,o yea whats up with ur bred
Leon,12/07/2020,u gonna just yeet it away when u go and get ur gloves?
Leon,12/07/2020,o
Leon,12/07/2020,okay xdd
Leon,12/07/2020,u should sleep :)
Leon,12/07/2020,O
Leon,12/07/2020,holy shit kristi are u ok
Leon,12/07/2020,maybe u should tell ur mum u have a headache
Leon,12/07/2020,yea i'm fine xd
Leon,12/07/2020,i'm like 80% recovery
Leon,12/07/2020,i'm just eating my pot pasta rn
Leon,12/07/2020,o oka
Leon,12/07/2020,ye u should
Leon,12/07/2020,get some rest
Leon,12/07/2020,so u don't die too
Leon,12/07/2020,yea okay :)
Leon,12/07/2020,dw kristi i'm fine :)
Leon,12/07/2020,was an interesting experience tho
Leon,12/07/2020,i think it's the first time i've overworked myself to the point of being sick
Leon,12/07/2020,yea :D
Leon,12/07/2020,o
Leon,12/07/2020,lol
Leon,12/07/2020,btw
Leon,12/07/2020,thanks for chatting with me when i was dying xd
Leon,12/07/2020,idk u just made me feel better talking to u xd
Leon,12/07/2020,well yea xd
Leon,12/07/2020,but thanks anyways lol
Leon,12/07/2020,tbh i wasn't really ill
Leon,12/07/2020,i just felt like throwing up
Leon,12/07/2020,yea
Leon,12/07/2020,idk tho
Leon,12/07/2020,imo it was pretty sick
Leon,12/07/2020,xdd
Leon,12/07/2020,O
Leon,12/07/2020,LMAO
Leon,12/07/2020,bruh moment xddddd
Leon,12/07/2020,lmao rip
Leon,12/07/2020,get dissed on by ur whole family
Leon,12/07/2020,o wow
Leon,12/07/2020,gomen I just made u the laughing stock of ur family xdd
Leon,12/07/2020,no ur not a joke smh
Leon,12/07/2020,o lol
Leon,12/07/2020,xdd
Leon,12/07/2020,are u picking weeds now xd
Leon,12/07/2020,o okay
Leon,12/07/2020,nope they're plastic
Leon,12/07/2020,they didn't have paper cards
Leon,12/07/2020,https://youtu.be/J3KA6WDAYPM
Leon,12/07/2020,YouTube
Leon,12/07/2020,TWICE
Leon,12/07/2020,TWICE DAHYUN “Feel Special” piano
Leon,12/07/2020,
Leon,12/07/2020,https://www.youtube.com/watch?v=3Girk_yc5Ok
Leon,12/07/2020,YouTube
Leon,12/07/2020,Kaely Ner
Leon,12/07/2020,namjoon being done with everything
Leon,12/07/2020,
Leon,12/07/2020,bruh there wasn't card ones
Leon,12/07/2020,bruh what's bad about plastic cards
Leon,12/07/2020,ye but
Leon,12/07/2020,there wasn't
Leon,12/07/2020,card
Leon,12/07/2020,cos they were £1
Leon,12/07/2020,aw i'm sorry kristi :(
Leon,12/07/2020,want me to buy u some card cards too
Leon,12/07/2020,on amazon
Leon,12/07/2020,gomen :(
Leon,12/07/2020,dam
Leon,12/07/2020,now i feel bad
Leon,12/07/2020,i'll buy u a set of bicycle cards kristi lol
Leon,12/07/2020,free of charge
Leon,12/07/2020,no on amazon
Leon,12/07/2020,
Leon,12/07/2020,o
Leon,12/07/2020,lol
Leon,12/07/2020,ye
Leon,12/07/2020,do u still want the plastic cards tho xd
Leon,12/07/2020,yea i am lol
Leon,12/07/2020,paying for shipping is for losers :sunglasses:
Leon,12/07/2020,o
Leon,12/07/2020,yea sure
Leon,12/07/2020,yea i'll learn the wrist cut
Leon,12/07/2020,/s
Leon,12/07/2020,:p
Leon,12/07/2020,wanna play mc xd
Leon,12/07/2020,O
Leon,12/07/2020,maji desuka
Leon,12/07/2020,bruh kristi :(
Leon,12/07/2020,jesus wtf
Leon,12/07/2020,maybe u should do some stretches
Leon,12/07/2020,o bruh :(
Leon,12/07/2020,ye now ur the one feeling sick
Leon,12/07/2020,uno reverse card bich
Leon,12/07/2020,o
Leon,12/07/2020,ok
Leon,12/07/2020,were u sick lol
Leon,12/07/2020,o ok thats good
Leon,12/07/2020,maybe u should take a nap
Leon,12/07/2020,o
Leon,12/07/2020,roald is crafting a pear rug
Leon,12/07/2020,yea its pretty shit xdd
Leon,12/07/2020,its my third pear rug too
Leon,12/07/2020,o sure
Leon,12/07/2020,are your gates open?
Leon,12/07/2020,o ok
Leon,12/07/2020,are your gates open?
Leon,12/07/2020,cos i just went to the airport and he said there's no flights
Leon,12/07/2020,uh
Leon,12/07/2020,i'm getting ready to depart
Leon,12/07/2020,i'll give u ur cool cooler tho
Leon,12/07/2020,its very cool
Leon,12/07/2020,o ok
Leon,12/07/2020,no
Leon,12/07/2020,lol
Leon,12/07/2020,o that looks pretty cool
Leon,12/07/2020,pirate cove
Leon,12/07/2020,oic
Leon,12/07/2020,u should have a custom design
Leon,12/07/2020,on the floor
Leon,12/07/2020,with one piece flag
Leon,12/07/2020,ye
Leon,12/07/2020,that's a nice centipede on the floor too
Leon,12/07/2020,there's nothing like summer on euphoria - henry
Leon,12/07/2020,as its fkin pouring down with rain
Leon,12/07/2020,o ok
Leon,12/07/2020,xdd#
Leon,12/07/2020,thanks for letting me visit :)
Leon,12/07/2020,o
Leon,12/07/2020,ye too late
Leon,12/07/2020,>:D
Leon,12/07/2020,ye it looks gud
Leon,12/07/2020,ye i'd tell u to come over but i have mannequins everywhere
Leon,12/07/2020,o
Leon,12/07/2020,lmao
Leon,12/07/2020,yee
Leon,12/07/2020,o
Leon,12/07/2020,gimme like 10m to actualyl finish placing the mannequins then
Leon,12/07/2020,o
Leon,12/07/2020,ok
Leon,12/07/2020,o :(
Leon,12/07/2020,bruh
Leon,12/07/2020,why don't u stop eating then lol
Leon,12/07/2020,btw kristi
Leon,13/07/2020,i found out today
Leon,13/07/2020,jin plays league
Leon,13/07/2020,and his favourite character
Leon,13/07/2020,is
Leon,13/07/2020,jhin
Leon,13/07/2020,bruh are u ok
Leon,13/07/2020,:((
Leon,13/07/2020,https://www.youtube.com/watch?v=gTHwq9eo6tk
Leon,13/07/2020,YouTube
Leon,13/07/2020,햄슈 HAMSUE
Leon,13/07/2020,"후에엥 드럼 카논 (반도리, 뱅드림)"
Leon,13/07/2020,
Leon,13/07/2020,fuee